chunk_x,chunk_y,records,file
48,57,2,c_048_57.json
49,57,483,c_049_57.json
41,57,27,c_041_57.json
41,58,633,c_041_58.json
40,58,1158,c_040_58.json
49,58,1594,c_049_58.json
48,58,357,c_048_58.json
41,59,1575,c_041_59.json
40,59,1728,c_040_59.json
39,59,723,c_039_59.json
42,59,719,c_042_59.json
48,59,898,c_048_59.json
49,59,996,c_049_59.json
45,59,222,c_045_59.json
38,59,545,c_038_59.json
44,59,601,c_044_59.json
43,59,301,c_043_59.json
37,59,143,c_037_59.json
41,60,1712,c_041_60.json
42,60,1712,c_042_60.json
40,60,1692,c_040_60.json
43,60,1692,c_043_60.json
39,60,1694,c_039_60.json
44,60,1694,c_044_60.json
47,59,131,c_047_59.json
38,60,1695,c_038_60.json
45,60,1506,c_045_60.json
37,60,1238,c_037_60.json
46,60,1419,c_046_60.json
47,60,1663,c_047_60.json
48,60,1693,c_048_60.json
49,60,623,c_049_60.json
36,60,248,c_036_60.json
35,60,546,c_035_60.json
40,61,1660,c_040_61.json
41,61,1639,c_041_61.json
42,61,1639,c_042_61.json
43,61,1660,c_043_61.json
39,61,1660,c_039_61.json
44,61,1660,c_044_61.json
34,60,525,c_034_60.json
38,61,1660,c_038_61.json
45,61,1660,c_045_61.json
37,61,1657,c_037_61.json
46,61,1657,c_046_61.json
36,61,1657,c_036_61.json
47,61,1657,c_047_61.json
35,61,1658,c_035_61.json
48,61,1658,c_048_61.json
33,60,107,c_033_60.json
34,61,1658,c_034_61.json
49,61,1531,c_049_61.json
33,61,940,c_033_61.json
50,61,507,c_050_61.json
40,62,1618,c_040_62.json
41,62,1628,c_041_62.json
42,62,1628,c_042_62.json
43,62,1618,c_043_62.json
39,62,1620,c_039_62.json
44,62,1620,c_044_62.json
38,62,1617,c_038_62.json
45,62,1617,c_045_62.json
37,62,1603,c_037_62.json
46,62,1622,c_046_62.json
36,62,856,c_036_62.json
47,62,1621,c_047_62.json
35,62,1056,c_035_62.json
48,62,1619,c_048_62.json
34,62,1575,c_034_62.json
49,62,1620,c_049_62.json
33,62,1257,c_033_62.json
50,62,1620,c_050_62.json
51,61,4,c_051_61.json
51,62,1090,c_051_62.json
40,63,1581,c_040_63.json
41,63,1581,c_041_63.json
42,63,1581,c_042_63.json
43,63,1581,c_043_63.json
39,63,1580,c_039_63.json
44,63,1580,c_044_63.json
38,63,1582,c_038_63.json
45,63,1582,c_045_63.json
37,63,1555,c_037_63.json
46,63,1580,c_046_63.json
36,63,82,c_036_63.json
47,63,1581,c_047_63.json
48,63,1580,c_048_63.json
52,62,93,c_052_62.json
34,63,407,c_034_63.json
49,63,1580,c_049_63.json
33,63,403,c_033_63.json
50,63,1581,c_050_63.json
51,63,1452,c_051_63.json
52,63,183,c_052_63.json
40,64,1539,c_040_64.json
41,64,1535,c_041_64.json
42,64,1535,c_042_64.json
43,64,1539,c_043_64.json
39,64,1539,c_039_64.json
44,64,1539,c_044_64.json
38,64,1538,c_038_64.json
45,64,1538,c_045_64.json
37,64,1539,c_037_64.json
46,64,1539,c_046_64.json
36,64,1159,c_036_64.json
47,64,1539,c_047_64.json
48,64,1536,c_048_64.json
49,64,1540,c_049_64.json
50,64,1537,c_050_64.json
51,64,1466,c_051_64.json
52,64,956,c_052_64.json
35,64,285,c_035_64.json
40,65,1497,c_040_65.json
41,65,1491,c_041_65.json
42,65,1491,c_042_65.json
43,65,1497,c_043_65.json
39,65,1496,c_039_65.json
44,65,1496,c_044_65.json
38,65,1495,c_038_65.json
45,65,1495,c_045_65.json
37,65,1495,c_037_65.json
46,65,1403,c_046_65.json
36,65,1497,c_036_65.json
47,65,1497,c_047_65.json
34,64,58,c_034_64.json
35,65,1494,c_035_65.json
48,65,1283,c_048_65.json
34,65,1453,c_034_65.json
49,65,1359,c_049_65.json
50,65,1494,c_050_65.json
51,65,1493,c_051_65.json
33,65,172,c_033_65.json
52,65,1490,c_052_65.json
53,65,870,c_053_65.json
41,66,1469,c_041_66.json
42,66,1469,c_042_66.json
40,66,1447,c_040_66.json
43,66,1447,c_043_66.json
39,66,1446,c_039_66.json
44,66,1446,c_044_66.json
38,66,1450,c_038_66.json
45,66,1450,c_045_66.json
37,66,1449,c_037_66.json
46,66,451,c_046_66.json
36,66,1449,c_036_66.json
47,66,1449,c_047_66.json
35,66,1450,c_035_66.json
48,66,1166,c_048_66.json
34,66,1451,c_034_66.json
49,66,997,c_049_66.json
33,66,1340,c_033_66.json
50,66,1021,c_050_66.json
54,65,399,c_054_65.json
51,66,1088,c_051_66.json
32,66,1201,c_032_66.json
52,66,1451,c_052_66.json
31,66,1078,c_031_66.json
55,65,15,c_055_65.json
53,66,1451,c_053_66.json
54,66,1075,c_054_66.json
40,67,1401,c_040_67.json
41,67,1394,c_041_67.json
42,67,1394,c_042_67.json
43,67,1401,c_043_67.json
39,67,1401,c_039_67.json
44,67,1401,c_044_67.json
28,65,148,c_028_65.json
38,67,1404,c_038_67.json
45,67,1404,c_045_67.json
27,65,42,c_027_65.json
37,67,1401,c_037_67.json
46,67,667,c_046_67.json
36,67,1402,c_036_67.json
47,67,1092,c_047_67.json
35,67,1403,c_035_67.json
48,67,474,c_048_67.json
28,66,1230,c_028_66.json
34,67,1401,c_034_67.json
27,66,243,c_027_66.json
49,67,695,c_049_67.json
33,67,1402,c_033_67.json
50,67,1396,c_050_67.json
29,66,444,c_029_66.json
30,66,406,c_030_66.json
32,67,1403,c_032_67.json
51,67,1385,c_051_67.json
31,67,1401,c_031_67.json
52,67,1401,c_052_67.json
30,67,1403,c_030_67.json
53,67,1403,c_053_67.json
29,67,1131,c_029_67.json
54,67,1402,c_054_67.json
55,66,64,c_055_66.json
40,68,1354,c_040_68.json
41,68,1347,c_041_68.json
42,68,1347,c_042_68.json
43,68,1352,c_043_68.json
39,68,1354,c_039_68.json
44,68,971,c_044_68.json
38,68,1351,c_038_68.json
45,68,764,c_045_68.json
37,68,1354,c_037_68.json
46,68,460,c_046_68.json
28,67,1251,c_028_67.json
55,67,1341,c_055_67.json
36,68,1352,c_036_68.json
47,68,852,c_047_68.json
35,68,1351,c_035_68.json
48,68,1260,c_048_68.json
57,66,175,c_057_66.json
27,67,25,c_027_67.json
34,68,1354,c_034_68.json
49,68,1351,c_049_68.json
56,66,19,c_056_66.json
33,68,1353,c_033_68.json
50,68,1353,c_050_68.json
56,67,894,c_056_67.json
57,67,1118,c_057_67.json
32,68,1351,c_032_68.json
51,68,1351,c_051_68.json
31,68,1352,c_031_68.json
52,68,1352,c_052_68.json
30,68,1354,c_030_68.json
53,68,1354,c_053_68.json
29,68,1100,c_029_68.json
54,68,1307,c_054_68.json
58,67,790,c_058_67.json
40,69,1302,c_040_69.json
41,69,1301,c_041_69.json
42,69,1301,c_042_69.json
43,69,1302,c_043_69.json
39,69,1301,c_039_69.json
44,69,1301,c_044_69.json
38,69,1302,c_038_69.json
45,69,1123,c_045_69.json
28,68,515,c_028_68.json
55,68,1326,c_055_68.json
37,69,1302,c_037_69.json
59,66,3,c_059_66.json
60,66,5,c_060_66.json
36,69,1301,c_036_69.json
47,69,1301,c_047_69.json
46,69,868,c_046_69.json
35,69,1303,c_035_69.json
48,69,1303,c_048_69.json
56,68,1349,c_056_68.json
34,69,1301,c_034_69.json
49,69,1301,c_049_69.json
27,68,33,c_027_68.json
33,69,1303,c_033_69.json
50,69,1303,c_050_69.json
59,67,359,c_059_67.json
57,68,830,c_057_68.json
32,69,1303,c_032_69.json
51,69,1303,c_051_69.json
31,69,1300,c_031_69.json
52,69,1300,c_052_69.json
58,68,11,c_058_68.json
30,69,1276,c_030_69.json
53,69,1304,c_053_69.json
29,69,1188,c_029_69.json
54,69,1300,c_054_69.json
59,68,343,c_059_68.json
40,70,1248,c_040_70.json
41,70,1254,c_041_70.json
42,70,1254,c_042_70.json
43,70,1248,c_043_70.json
39,70,1251,c_039_70.json
44,70,1251,c_044_70.json
60,67,7,c_060_67.json
38,70,1248,c_038_70.json
45,70,1248,c_045_70.json
55,69,1080,c_055_69.json
60,68,19,c_060_68.json
37,70,1251,c_037_70.json
46,70,1251,c_046_70.json
36,70,1251,c_036_70.json
47,70,746,c_047_70.json
35,70,1248,c_035_70.json
48,70,370,c_048_70.json
56,69,858,c_056_69.json
34,70,1250,c_034_70.json
49,70,534,c_049_70.json
28,69,225,c_028_69.json
33,70,1249,c_033_70.json
50,70,679,c_050_70.json
57,69,639,c_057_69.json
32,70,1251,c_032_70.json
51,70,1239,c_051_70.json
31,70,1250,c_031_70.json
52,70,1250,c_052_70.json
30,70,1207,c_030_70.json
53,70,1246,c_053_70.json
54,70,1249,c_054_70.json
40,71,1197,c_040_71.json
41,71,1190,c_041_71.json
42,71,1190,c_042_71.json
43,71,1197,c_043_71.json
39,71,1197,c_039_71.json
44,71,1197,c_044_71.json
55,70,1250,c_055_70.json
38,71,1195,c_038_71.json
45,71,1195,c_045_71.json
37,71,1194,c_037_71.json
46,71,1099,c_046_71.json
29,70,872,c_029_70.json
36,71,1197,c_036_71.json
47,71,95,c_047_71.json
56,70,1219,c_056_70.json
35,71,1195,c_035_71.json
58,69,304,c_058_69.json
34,71,1195,c_034_71.json
59,69,28,c_059_69.json
28,70,923,c_028_70.json
33,71,1195,c_033_71.json
27,70,663,c_027_70.json
32,71,1196,c_032_71.json
57,70,1023,c_057_70.json
51,71,173,c_051_71.json
31,71,1194,c_031_71.json
52,71,384,c_052_71.json
58,70,1106,c_058_70.json
30,71,1194,c_030_71.json
53,71,475,c_053_71.json
59,70,1145,c_059_70.json
29,71,1198,c_029_71.json
54,71,627,c_054_71.json
28,71,1195,c_028_71.json
41,72,1149,c_041_72.json
42,72,1149,c_042_72.json
55,71,818,c_055_71.json
39,72,1139,c_039_72.json
40,72,1138,c_040_72.json
43,72,1138,c_043_72.json
44,72,866,c_044_72.json
26,70,95,c_026_70.json
38,72,1140,c_038_72.json
45,72,587,c_045_72.json
60,70,751,c_060_70.json
37,72,1141,c_037_72.json
46,72,84,c_046_72.json
36,72,1138,c_036_72.json
27,71,1193,c_027_71.json
56,71,670,c_056_71.json
35,72,1141,c_035_72.json
34,72,1140,c_034_72.json
26,71,861,c_026_71.json
57,71,51,c_057_71.json
33,72,1139,c_033_72.json
32,72,1141,c_032_72.json
58,71,46,c_058_71.json
31,72,1139,c_031_72.json
30,72,1142,c_030_72.json
59,71,13,c_059_71.json
61,70,175,c_061_70.json
29,72,1138,c_029_72.json
60,71,13,c_060_71.json
28,72,1140,c_028_72.json
41,73,824,c_041_73.json
42,73,584,c_042_73.json
40,73,948,c_040_73.json
43,73,282,c_043_73.json
39,73,1079,c_039_73.json
44,73,10,c_044_73.json
38,73,1084,c_038_73.json
37,73,1081,c_037_73.json
27,72,1143,c_027_72.json
61,71,6,c_061_71.json
36,73,1083,c_036_73.json
25,71,74,c_025_71.json
35,73,1083,c_035_73.json
34,73,1081,c_034_73.json
26,72,1140,c_026_72.json
33,73,1083,c_033_73.json
32,73,1083,c_032_73.json
25,72,492,c_025_72.json
31,73,1085,c_031_73.json
30,73,1083,c_030_73.json
29,73,1080,c_029_73.json
28,73,1060,c_028_73.json
39,74,123,c_039_74.json
40,74,1,c_040_74.json
38,74,590,c_038_74.json
27,73,1084,c_027_73.json
37,74,857,c_037_74.json
36,74,964,c_036_74.json
35,74,1022,c_035_74.json
26,73,1081,c_026_73.json
34,74,781,c_034_74.json
33,74,573,c_033_74.json
25,73,1083,c_025_73.json
32,74,668,c_032_74.json
31,74,633,c_031_74.json
24,73,875,c_024_73.json
30,74,423,c_030_74.json
29,74,213,c_029_74.json
28,74,341,c_028_74.json
27,74,1023,c_027_74.json
35,75,8,c_035_75.json
26,74,1024,c_026_74.json
23,73,163,c_023_73.json
25,74,1026,c_025_74.json
24,74,1025,c_024_74.json
23,74,923,c_023_74.json
28,75,2,c_028_75.json
27,75,13,c_027_75.json
26,75,14,c_026_75.json
22,74,334,c_022_74.json
25,75,11,c_025_75.json
24,75,12,c_024_75.json
23,75,11,c_023_75.json
21,74,400,c_021_74.json
22,75,13,c_022_75.json
20,74,80,c_020_74.json
21,75,12,c_021_75.json
20,75,8,c_020_75.json
